{
  "name": "thegoblinexplorer-endless-dungeon",
  "title": "The Goblin Explorer | Endless Dungeon Maps",
  "description": "<p>This map pack contains all currentlu released maps of the Endless Dungeon series by TheGoblinExplorer. You can find more resources as unfurnished maps and assets at <a href=\"https://www.patreon.com/thegoblinexplorer\">www.patreon.com/thegoblinexplorer</a>.</p>",
  "author": "TheGoblinExplorer",
  "version": "1.0.1",
  "minimumCoreVersion": "0.7.0",
  "compatibleCoreVersion":"0.7.9",
  "packs": [
			{
				"name": "maps",
				"label": "TheGoblinExplorer | Endless Dungeon Maps",
				"path": "packs/endless-dungeon.db",
				"entity": "Scene",
				"module": "EndlessDungeon"
		}
	],
  "url": "https://www.patreon.com/thegoblinexplorer",
  "download": "https://github.com/TheGoblinExplorer/endless-dungeon-foundryvtt/raw/master/thegoblinexplorer-endless-dungeon.zip",
  "manifest": "https://raw.githubusercontent.com/TheGoblinExplorer/endless-dungeon-foundryvtt/master/module.json"
}
